id_cliente,Nome_Cliente,Nickname,Telefono
40581723,DAVID/79,DAVID/79,4127749690
1199828218,Gleidimar  Pineda,GLEIDIMARPINEDA,
1411036831,Carlos Guillermo Velasquez Velasquez,CVELASQUEZVELASQUEZ36060,
78642258,EDWARD MARTINEZ,EDWARD MARTINEZ,04265158010
52311170,ELIRO14,ELIRO14,04128691005
43202503,SPARKTEAM,SPARKTEAM,04147979208
585874904,SANDYC2020,SANDYC2020,04242022957
359711880,AZCA6280727,AZCA6280727,04129907910
610681303,AARNANTIA,AARNANTIA,04143723991
2260024013,Yaneth Suarez Rada,SY20250210205305,
113836625,MILMARCAS,MILMARCAS,04246710660
70433782,duberlys martinha marquez,MARQUEZ.1986,
62168025,gian seijas,BARUTENO,
2023058283,Carmen Lozano,LC20241007151226,
1997889981,Milton Cruz F,CM20240920103309,
12593853,José Bolívar,TENRY,
243365555,JOSE CORDEROZARRELLA,JOSE CORDEROZARRELLA,
1374912742,Carlos Henríquez,CHENRIQUEZ15880,
33448874,sean chow,SEANCHOW2010,
2302531381,robert mavo,MR20250304145223,
2364752597,Edixon Morales,EM20250402163145,
1884025898,jhonner delgado,DJ20240702111945,
376210109,Guillermo Santana,SGUILLERMO2018,
1484635028,Edgar Jose,JOSEEDGAR20230918183211,
28853913,C arlos Cesar Prieto Izarra,CARPRIETOIZARRA,
165634788,SANDY ALBARRAN,SANDYNOHE,
770427523,María tibisay vazquez,AHUMAGLASS_CCS,
171747782,Willian Montilla,MOWI4895524,
1992148760,Luz  Tovar,TL20240914122849,
36611105,Javier Evans,JAVIER_1605,
186533795,Elias Escalona,OBD2TOOLSVENEZUELA,
1166698786,misael escalona,ESMI3558271,
304293018,Giovanni Renzella,RENZELLAGIOVANNI,
91242736,Edwar Segovia,EDWARSRGOVIA,
573653108,Frank Vergara,VEFR2793332,
1976178375,Henry Fraudita,FH20240905083554,
1635791523,Leonardo Jr Caraballo Sifonte,LCARABALLOSIFONTE02689,
150747207,Pedro Felgado,SUMILASER17,
175013137,LAJO3294627,LAJO3294627,04262218658
806271209,Carlos  Duran,DUCA5956759,
2009865911,Samir González,GS20240928203430,
5644112,DANIEL SANCHEZ,SANCHEZDIX2007,
2368848454,Keiler Narvaez,KN20250402183328,
1275797306,José Leonardo Rodríguez Díaz,JOSLEONARDORODRGUEZDAZ,
232968786,Ysabel Martinez,MAYS1459950,
1065976960,Florentino Nunes,FLORENTINONUNES,
198063653,JOSNAIBRIWEKY,JOSNAIBRIWEKY,04249556770
50902727,PELUSA9999,PELUSA9999,02129638814
473631392,GUSTAVOADOLFOCARRILLOSOTO,GUSTAVOADOLFOCARRILLOSOTO,04142789222
47645501,SAOPAULIN,SAOPAULIN,02125505020
102422528,JOSNARANJO2013,JOSNARANJO2013,04241024040
20142709,JDSD0,JDSD0,02127814501
3063356,GABORCORNILLIAC,GABORCORNILLIAC,6892197631
146383779,CHEVETOYA,CHEVETOYA,04145128784
220014016,GOGA4322496,GOGA4322496,
94808608,JOS_GONZALEZPAREDES,JOS_GONZALEZPAREDES,04121141608
235122647,SCLU4569341,SCLU4569341,04127268002
1075082202,Miguel Francisco Barroeta Gonzalez,MIGUELFRANCISCOBARROETAGONZA,
445615449,SERGIOJOSEDOLCEMASCOLOBIO,SERGIOJOSEDOLCEMASCOLOBIO,
755367698,Gilberto Medina,MEGI392600,
64759066,ANTONIOVARGAS213,ANTONIOVARGAS213,04126047847
1739748400,Donde el pana Colina,CODO20240322113046,
188779514,ELOYBOULTON,ELOYBOULTON,04249049624
2218125104,Napoleon Figueroa,NF20250116164747,
1048542374,Hector Jose Torrealba Quiaro,HECTORJOSETORREALBAQUIARO,
63179381,FERNANDEZBRAYAN,FERNANDEZBRAYAN,02125411041
78665366,JOCHE19,JOCHE19,04249207833
1077761978,SARB1903,SARB1903,4241394780
220413395,SAJE4350107,SAJE4350107,02952570371
145662759,PEREIRA196,PEREIRA196,04143012740
627530081,andreina peña,PEAN8803925,
1653555237,alvaro morgado,MOAL20240125235432,
83708449,RUBEN.CHARALLAVE,RUBEN.CHARALLAVE,4120193747
215897971,PIMI1593707,PIMI1593707,4242791933
240734093,JIFRA1902,JIFRA1902,04241456356
651146276,Ramón Eduardo Millán Rodríguez,RAMNEDUARDOMILLNRODRGUEZ,
21970591,EPHELANV,EPHELANV,04120118745
141593651,SLID3PABON,SLID3PABON,04242501175
51039162,CAROLINACOCHO,CAROLINACOCHO,04122608168
1460300194,Carlos Argenis  Acosta Castro,ACOSTACARLOS20230824064619,
91436800,MAXIMOI2006,MAXIMOI2006,4129594863
54130730,TODOPARTES.JHS,TODOPARTES.JHS,04143256043
192679077,RASQUINPEDRO,RASQUINPEDRO,04149906297
378584561,PESE3137940,PESE3137940,04144794927
158287716,MARGUI-2014,MARGUI-2014,04142944923
150080210,JOHNMUJICA,JOHNMUJICA,04263044049
463397323,PECA2054651,PECA2054651,04241604072
679012819,Valentina  Aleman,ALVA6063866,
1898256126,albert millan,MA20240711173534,
764084780,Cruz Alberto Alen,ALCR5191611,
1348019449,JOSÉ  MORILLO,LJFMAT,
1170068063,HERRASHERIXIII,HERRASHERIXIII,4141520244
67082539,CARPINTERO806,CARPINTERO806,04141192113
768830587,Humberto Pino,PIHU743938,
96839037,PLOMO85,PLOMO85,04141335164
246855480,ALAL6138258,ALAL6138258,04149029754
84586198,HEBRES1000,HEBRES1000,02122670947
24562653,JENNIFFERT2023,JENNIFFERT2023,04164149309771
337714972,GIOVANNORESCIGNO,GIOVANNORESCIGNO,
63394535,LLANCARI2009,LLANCARI2009,04243747629
85777373,WILLEWALDT,WILLEWALDT,4148159073
1080296130,Joel Danilo Lopez Freites,JOELDANILOLOPEZFREITES,
49955847,FEARANSE,FEARANSE,04149988008
2299087,XELAVALLE,XELAVALLE,04264184400
2273045331,Mirley Vivas,MV20250217205143,
202001548,ROKE9354209,ROKE9354209,04129308907
791999279,JVARIAS22,JVARIAS22,4126622668
92329943,CROSS MW,CROSS MW,04241786966
1971602941,hiper repuestos  Familicar,HIPERREPUESTOSFAMILICAR,
52352074,DANNYCONTRERAS2018,DANNYCONTRERAS2018,04166185361
290680734,GUJO6688631,GUJO6688631,04243583204
128283015,GUERRAMARIO06,GUERRAMARIO06,4246734730
155485061,LOPEZMARINFRANCISCORAFAEL,LOPEZMARINFRANCISCORAFAEL,04241329016
22287112,ANGELL210,ANGELL210,02125815338
147106115,GOCA9267051,GOCA9267051,4247007492
200368770,MAGU2850534,MAGU2850534,04166228908
1524689291,luis santander,SANTANDERLUIS20231026141822,
108353562,GOMEZFRANCISCO55,GOMEZFRANCISCO55,04248120339
1234747236,Jesus Gonzalez,GOJE6943506,
61554870,GMARLOS,GMARLOS,02125517878
1409625438,Jender Alexander  Ramirez Pacheco,JRAMIREZPACHECO95491,
1725772609,alan andres  centeno caro,CEAL20240314112047,
184401274,LENNINYERPARRA,LENNINYERPARRA,04165195168
123697870,LENYSMORALES,LENYSMORALES,4122548341
428965123,REJO2283316,REJO2283316,04142761914
1524342663,Leomar Rios,RIOSLEOMAR20231026082440,
